{
  "project_info": {
    "project_number": "668578603763",
    "project_id": "biomekeeper-47013",
    "storage_bucket": "biomekeeper-47013.firebasestorage.app"
  },
  "client": [
    {
      "client_info": {
        "mobilesdk_app_id": "1:668578603763:android:40debcb0c13c8ce28ccd86",
        "android_client_info": {
          "package_name": "com.unitytechnologies.com.unity.template.urpblank"
        }
      },
      "oauth_client": [],
      "api_key": [
        {
          "current_key": "AIzaSyAivxPRXSgjcRzUSAOl_HofNnIXtUm-ZP0"
        }
      ],
      "services": {
        "appinvite_service": {
          "other_platform_oauth_client": []
        }
      }
    }
  ],
  "configuration_version": "1"
}